26824,25628,25629,25630,25631,25632,25633,25634,25635,25636,25637,25638,25639,25640,25641,25642,25643,25644,25645,35760,35778
26825,25646,25652,25658,25664,25670,25676,25682
26826,25647,25653,25659,25665,25671,25677,25683
26827,25648,25654,25660,25666,25672,25678,25684
26828,25649,25655,25661,25667,25673,25679,25685
26829,25650,25656,25662,25668,25674,25680,25686
26831,25688,25689,25690,25691,25692
26832,25693,25694,25695,25696,25697
26834,25703,25704,25705,25706,25707
26835,25788,25789,25790,25791,25792,25793,25794,25795,25796,25797,25798,25799,25800,25801,25802,25803,25804,25805,35763,35781
26836,25806,25812,25818,25824,25830,25836,25842
26837,25807,25813,25819,25825,25831,25837,25843
26838,25808,25814,25820,25826,25832,25838,25844
26839,25809,25815,25821,25827,25833,25839,25845
26840,25810,25816,25822,25828,25834,25840,25846
26842,25848,25849,25850,25851,25852
26843,25853,25854,25855,25856,25857
26845,25863,25864,25865,25866,25867
26846,25948,25949,25950,25951,25952,25953,25954,25955,25956,25957,25958,25959,25960,25961,25962,25963,25964,25965,35765,35783
26847,25966,25972,25978,25984,25990,25996,26002
26848,25967,25973,25979,25985,25991,25997,26003
26849,25968,25974,25980,25986,25992,25998,26004
26850,25969,25975,25981,25987,25993,25999,26005
26851,25970,25976,25982,25988,25994,26000,26006
26853,26008,26009,26010,26011,26012
26854,26013,26014,26015,26016,26017
26856,26023,26024,26025,26026,26027
26857,26108,26109,26110,26111,26112,26113,26114,26115,26116,26117,26118,26119,26120,26121,26122,26123,26124,26125,35767,35785
26858,26126,26132,26138,26144,26150,26156,26162
26859,26127,26133,26139,26145,26151,26157,26163
26860,26128,26134,26140,26146,26152,26158,26164
26861,26129,26135,26141,26147,26153,26159,26165
26862,26130,26136,26142,26148,26154,26160,26166
26864,26168,26169,26170,26171,26172
26865,26173,26174,26175,26176,26177
26867,26183,26184,26185,26186,26187
26868,26268,26269,26270,26271,26272,26273,26274,26275,26276,26277,26278,26279,26280,26281,26282,26283,26284,26285,35769,35787
26869,26286,26292,26298,26304,26310,26316,26322
26870,26287,26293,26299,26305,26311,26317,26323
26871,26288,26294,26300,26306,26312,26318,26324
26872,26289,26295,26301,26307,26313,26319,26325
26873,26290,26296,26302,26308,26314,26320,26326
26875,26328,26329,26330,26331,26332
26876,26333,26334,26335,26336,26337
26878,26343,26344,26345,26346,26347
30137,29422,29428,29434,29440,29446,29452,29458
30138,29423,29429,29435,29441,29447,29453,29459
30139,29424,29430,29436,29442,29448,29454,29460
30140,29425,29431,29437,29443,29449,29455,29461
30141,29426,29432,29438,29444,29450,29456,29462
31691,1743,1882,1673,1813,2302,2303,2139,2304,1953,2051,2211,2212,9226,10407,10469,10531,1666,1736,1806,1875,1945,2048,2136,2193,2194,9225,10406,10468,10530
31701,9082,9083,9084,9085,9086,9087,9088,9089,9090,9091,9092,10412,10474,10536,15557,15558,15559,15560,15561,15562,15563,15564,15565,15566,15567,15568,20378,20379
35666,34080,34081,34082,34083,34084,34085,34086,34087,34088,34089,34090,34091,34092,34093,34094,34095,34096,34097,34098,34099
35667,34100,34105,34110,34115,34120,34125,34130
35668,34101,34106,34111,34116,34121,34126,34131
35669,34102,34107,34112,34117,34122,34127,34132
35670,34103,34108,34113,34118,34123,34128,34133
35671,34104,34109,34114,34119,34124,34129,34134
35672,34135,34136,34137,34138,34139
35673,34140,34141,34142,34143,34144
35675,34150,34151,34152,34153,34154
35676,34230,34231,34232,34233,34234,34235,34236,34237,34238,34239,34240,34241,34242,34243,34244,34245,34246,34247,34248,34249,43623,43644
35677,34250,34255,34260,34265,34270,34275,34280
35678,34251,34256,34261,34266,34271,34276,34281
35679,34252,34257,34262,34267,34272,34277,34282
35680,34253,34258,34263,34268,34273,34278,34283
35681,34254,34259,34264,34269,34274,34279,34284
35682,34285,34286,34287,34288,34289
35683,34290,34291,34292,34293,34294
35685,34300,34301,34302,34303,34304
35686,34380,34381,34382,34383,34384,34385,34386,34387,34388,34389,34390,34391,34392,34393,34394,34395,34396,34397,34398,34399,43625,43646
35687,34400,34405,34410,34415,34420,34425,34430
35688,34401,34406,34411,34416,34421,34426,34431
35689,34402,34407,34412,34417,34422,34427,34432
35690,34403,34408,34413,34418,34423,34428,34433
35691,34404,34409,34414,34419,34424,34429,34434
35692,34435,34436,34437,34438,34439
35693,34440,34441,34442,34443,34444
35695,34450,34451,34452,34453,34454
35696,34530,34531,34532,34533,34534,34535,34536,34537,34538,34539,34540,34541,34542,34543,34544,34545,34546,34547,34548,34549,43627,43648
35697,34550,34555,34560,34565,34570,34575,34580
35698,34551,34556,34561,34566,34571,34576,34581
35699,34552,34557,34562,34567,34572,34577,34582
35700,34553,34558,34563,34568,34573,34578,34583
35701,34554,34559,34564,34569,34574,34579,34584
35702,34585,34586,34587,34588,34589
35703,34590,34591,34592,34593,34594
35705,34600,34601,34602,34603,34604
35706,34680,34681,34682,34683,34684,34685,34686,34687,34688,34689,34690,34691,34692,34693,34694,34695,34696,34697,34698,34699,43629,43650
35707,34700,34705,34710,34715,34720,34725,34730
35708,34701,34706,34711,34716,34721,34726,34731
35709,34702,34707,34712,34717,34722,34727,34732
35710,34703,34708,34713,34718,34723,34728,34733
35711,34704,34709,34714,34719,34724,34729,34734
35712,34735,34736,34737,34738,34739
35713,34740,34741,34742,34743,34744
35715,34750,34751,34752,34753,34754
35874,8355,8356,8357,8358,8359,8360,8361,8362,8363,8364,8365,8366,8367,8368,8369,8370,8371,8372,8373,8374,8375,8376,8377,8378,8379,8380,8381,8382,8383,8384,8385,8386,8387,8388,8389,8390,9234,9235,9236,9237,10408,10409,10411,10470,10471,10472,10473,10532,10533,10534,10535,10410,15913,15914,15915,15916,20358,20359,20362,20363,20366,20367,20370,20371
35875,7480,7486,7492,7498,7504,7510
35876,7481,7487,7493,7499,7505,7511,8454,8455,8456,8457,8458,8459
35877,7482,7488,7494,7500,7506,7512
35878,7483,7489,7495,7501,7507,7513
35879,7484,7490,7496,7502,7508,7514
35884,10604,10610,10634,10586,10592,10598,10616,10622,10628,10664,10640,10658,10646,10652,20388,20389
35885,9026,9036,9042,9052,9062,9072,9485
35886,9027,9037,9043,9053,9063,9073,9486
35887,9028,9038,9044,9054,9064,9074,9487
35888,9029,9039,9045,9055,9065,9075,9488
35889,9030,9040,9046,9056,9066,9076,9489
36136,1743,1882,1673,1813,2302,2303,2139,2304,1953,2051,2211,2212,9226,10407,10469,10531,1666,1736,1806,1875,1945,2048,2136,2193,2194,9225,10406,10468,10530
36139,8355,8356,8357,8358,8359,8360,8361,8362,8363,8364,8365,8366,8367,8368,8369,8370,8371,8372,8373,8374,8375,8376,8377,8378,8379,8380,8381,8382,8383,8384,8385,8386,8387,8388,8389,8390,9234,9235,9236,9237,10408,10409,10411,10470,10471,10472,10473,10532,10533,10534,10535,10410,15913,15914,15915,15916,20358,20359,20362,20363,20366,20367,20370,20371
36141,9082,9083,9084,9085,9086,9087,9088,9089,9090,9091,9092,10412,10474,10536,15557,15558,15559,15560,15561,15562,15563,15564,15565,15566,15567,15568,20378,20379
36146,18033,18034,18035,18036,18037,18038,18039,18040,18041,18042,18043,18044,18045,18046,18047,18048,27357,27358
36147,18189,18190,18191,18192,18193,18194,18195,18196,18197,18198,18199,18200,18201,18202,18203,18204,27361,27362
36148,18969,18970,18971,18972,18973,18974,18975,18976,18977,18978,18979,18980,18981,18982,18983,18984
36152,25628,25629,25630,25631,25632,25633,25634,25635,25636,25637,25638,25639,25640,25641,25642,25643,25644,25645,35760,35778
36153,25788,25789,25790,25791,25792,25793,25794,25795,25796,25797,25798,25799,25800,25801,25802,25803,25804,25805,35763,35781
36154,26428,26429,26430,26431,26432,26433,26434,26435,26436,26437,26438,26439,26440,26441,26442,26443,26444,26445
36158,34080,34081,34082,34083,34084,34085,34086,34087,34088,34089,34090,34091,34092,34093,34094,34095,34096,34097,34098,34099
36159,34230,34231,34232,34233,34234,34235,34236,34237,34238,34239,34240,34241,34242,34243,34244,34245,34246,34247,34248,34249,43623,43644
36617,35020,35021,35022,35023,35024,35025,35026,35027,35028,35029,35030,35031,35032,35033,35034,35035,35036,35037,35038,35039
40296,41836,41837,41838,41839,41840,41841,41842,41843,41844,41845,41846,41847,41848,41849,41850,41851,41852,41853,41854,41855,41856,41857
41054,41990,41991,41992,41993,41994,41995,41996,41997,41998,41999,42000,42001,42002,42003,42004,42005,42006,42007,42008,42009,42010,42011
43476,41836,41837,41838,41839,41840,41841,41842,41843,41844,41845,41846,41847,41848,41849,41850,41851,41852,41853,41854,41855,41856,41857
43477,41858,41863,41868,41873,41878,41883,41888
43478,41859,41864,41869,41874,41879,41884,41889
43479,41860,41865,41870,41875,41880,41885,41890
43480,41861,41866,41871,41876,41881,41886,41891
43481,41862,41867,41872,41877,41882,41887,41892
43482,41893,41894,41895,41896,41897
43483,41898,41899,41900,41901,41902
43485,41908,41909,41910,41911,41912
43486,41990,41991,41992,41993,41994,41995,41996,41997,41998,41999,42000,42001,42002,42003,42004,42005,42006,42007,42008,42009,42010,42011
43487,42012,42017,42022,42027,42032,42037,42042
43488,42013,42018,42023,42028,42033,42038,42043
43489,42014,42019,42024,42029,42034,42039,42044
43490,42015,42020,42025,42030,42035,42040,42045
43491,42016,42021,42026,42031,42036,42041,42046
43492,42047,42048,42049,42050,42051
43493,42052,42053,42054,42055,42056
43495,42062,42063,42064,42065,42066
43496,42144,42145,42146,42147,42148,42149,42150,42151,42152,42153,42154,42155,42156,42157,42158,42159,42160,42161,42162,42163,42164,42165
43497,42166,42171,42176,42181,42186,42191,42196
43498,42167,42172,42177,42182,42187,42192,42197
43499,42168,42173,42178,42183,42188,42193,42198
43500,42169,42174,42179,42184,42189,42194,42199
43501,42170,42175,42180,42185,42190,42195,42200
43502,42201,42202,42203,42204,42205
43503,42206,42207,42208,42209,42210
43505,42216,42217,42218,42219,42220
43506,42298,42299,42300,42301,42302,42303,42304,42305,42306,42307,42308,42309,42310,42311,42312,42313,42314,42315,42316,42317,42318,42319
43507,42320,42325,42330,42335,42340,42345,42350
43508,42321,42326,42331,42336,42341,42346,42351
43509,42322,42327,42332,42337,42342,42347,42352
43510,42323,42328,42333,42338,42343,42348,42353
43511,42324,42329,42334,42339,42344,42349,42354
43512,42355,42356,42357,42358,42359
43513,42360,42361,42362,42363,42364
43515,42370,42371,42372,42373,42374
43516,42452,42453,42454,42455,42456,42457,42458,42459,42460,42461,42462,42463,42464,42465,42466,42467,42468,42469,42470,42471,42472,42473
43517,42474,42479,42484,42489,42494,42499,42504
43518,42475,42480,42485,42490,42495,42500,42505
43519,42476,42481,42486,42491,42496,42501,42506
43520,42477,42482,42487,42492,42497,42502,42507
43521,42478,42483,42488,42493,42498,42503,42508
43522,42509,42510,42511,42512,42513
43523,42514,42515,42516,42517,42518
43525,42524,42525,42526,42527,42528
43526,42870,42871,42872,42873,42874,42875,42876,42877,42878,42879,42880,42881,42882,42883,42884,42885,42886,42887,42888,42889,42890,42891
